{
  "1": {"diameter": 252.80359593983707, "min_x": -46.3317, "min_y": -29.3541, "min_z": 5.87082, "size_x": 83.5136, "size_y": 86.1054, "size_z": 240.57518},
  "2": {"diameter": 171.97243922791813, "min_x": -68.313, "min_y": -60.949, "min_z": -0.187, "size_x": 102.529, "size_y": 102.377, "size_z": 140.17700000000002},
  "3": {"diameter": 269.50498320253746, "min_x": -48.785, "min_y": -96.16, "min_z": -3.243, "size_x": 71.8, "size_y": 164.03600999999998, "size_z": 213.43699999999998},
  "4": {"diameter": 198.54678365060462, "min_x": -32.215, "min_y": -63.793, "min_z": 0.031, "size_x": 49.496, "size_y": 94.162, "size_z": 176.015},
  "5": {"diameter": 120.54337759495542, "min_x": -43.124, "min_y": 50.146, "min_z": 0.079, "size_x": 67.911, "size_y": 67.743, "size_z": 101.855},
  "6": {"diameter": 196.52766222850155, "min_x": -63.938, "min_y": -56.809, "min_z": -3.153, "size_x": 97.19800000000001, "size_y": 66.621, "size_z": 191.301},
  "7": {"diameter": 142.6082777576393, "min_x": -68.464, "min_y": -45.255, "min_z": -0.497, "size_x": 137.938, "size_y": 128.75601, "size_z": 38.889},
  "8": {"diameter": 113.99714114397781, "min_x": -67.47701, "min_y": -58.799, "min_z": -0.545, "size_x": 89.40401, "size_y": 101.108, "size_z": 30.074},
  "9": {"diameter": 129.4807267936043, "min_x": -83.827, "min_y": -56.604, "min_z": -3.188, "size_x": 102.085, "size_y": 60.103, "size_z": 83.543},
  "10": {"diameter": 197.8354443698095, "min_x": -42.995, "min_y": -96.56699, "min_z": -0.407, "size_x": 108.94201000000001, "size_y": 178.44699, "size_z": 36.739999999999995},
  "11": {"diameter": 84.23703614206758, "min_x": -36.865, "min_y": -41.22, "min_z": -0.393, "size_x": 75.44800000000001, "size_y": 74.87100000000001, "size_z": 71.889},
  "12": {"diameter": 68.93023655842188, "min_x": -40.873, "min_y": -7.996, "min_z": -0.235, "size_x": 60.587999999999994, "size_y": 59.299, "size_z": 53.016999999999996},
  "13": {"diameter": 63.86475038704841, "min_x": -45.332, "min_y": -25.683, "min_z": -0.215, "size_x": 62.123000000000005, "size_y": 62.632, "size_z": 58.645},
  "14": {"diameter": 104.12554292775619, "min_x": -66.593, "min_y": -32.233, "min_z": -0.179, "size_x": 66.546, "size_y": 100.45499999999998, "size_z": 65.663},
  "15": {"diameter": 74.55294160527806, "min_x": -43.014, "min_y": -55.353, "min_z": -0.248, "size_x": 72.158, "size_y": 73.986, "size_z": 71.352},
  "16": {"diameter": 57.487563820360315, "min_x": -36.413, "min_y": -8.047, "min_z": -0.297, "size_x": 57.19, "size_y": 54.941, "size_z": 53.04},
  "17": {"diameter": 259.4338160055857, "min_x": -72.88, "min_y": -22.14, "min_z": -0.452, "size_x": 102.43299999999999, "size_y": 67.699, "size_z": 250.57999999999998},
  "18": {"diameter": 161.95294487906048, "min_x": -95.571, "min_y": -124.271, "min_z": -0.53, "size_x": 161.46301, "size_y": 161.164, "size_z": 55.009},
  "19": {"diameter": 125.04866850150786, "min_x": -67.349, "min_y": -29.226, "min_z": -0.532, "size_x": 116.98400000000001, "size_y": 93.131, "size_z": 81.303},
  "20": {"diameter": 261.4641997176669, "min_x": -141.696, "min_y": -130.535, "min_z": -3.109, "size_x": 260.15, "size_y": 261.102, "size_z": 26.723}
}